{"cameraMode":{"drawMode":0,"name":"Shaded","section":"Shading Mode"},"sceneLighting":false,"audioPlay":false,"sceneViewState":{"m_AlwaysRefresh":false,"showFog":false,"showSkybox":false,"showFlares":false,"showImageEffects":false,"showParticleSystems":false,"showVisualEffectGraphs":true,"m_FxEnabled":true},"in2DMode":false,"pivot":{"x":1.1920928955078126e-7,"y":0.8754298090934753,"z":-0.03503480553627014},"rotation":{"x":-0.0763055607676506,"y":-0.10539405047893524,"z":0.008109921589493752,"w":-0.9914727807044983},"size":1.4556456804275513,"orthographic":false}